idx,id,title,url,date
1,ctN8KUmbKcU,2022區塊鏈入門大全（660秒白話文版）,https://www.youtube.com/watch?v=ctN8KUmbKcU,2021-12-08
2,UnKJWLa35nQ,NFT憑什麼動不動就上億？這世界瘋了嗎？看完再說你懂NFT,https://www.youtube.com/watch?v=UnKJWLa35nQ,2021-12-14
3,d2C0L4g7qwQ,2022年2種NFT賺錢的方法（交易員／創作者）實際操作,https://www.youtube.com/watch?v=d2C0L4g7qwQ,2021-12-22
4,n5FleMt5dlQ,獨家「區塊鏈架構系列#1」6.23分鐘聽完這個神奇世界的根基：鏈 Chain,https://www.youtube.com/watch?v=n5FleMt5dlQ,2021-12-27
5,p7n3Qo18HKc,獨家「區塊鏈架構系列#2」幣圈專家筆記整理：產業與行業,https://www.youtube.com/watch?v=p7n3Qo18HKc,2022-01-04
6,UurY0aSP0JM,幣圈行話，你懂幾個？英文好居然還不夠！？,https://www.youtube.com/watch?v=UurY0aSP0JM,2022-01-11
7,LQ6f-c65xEc,加密貨幣共識機制懶人包！比特幣挖礦是什麼？,https://www.youtube.com/watch?v=LQ6f-c65xEc,2022-02-08
8,HO0ELN-fq1o,【幣圈小學堂】幣圈農夫？收益耕種是什麼意思？,https://www.youtube.com/watch?v=HO0ELN-fq1o,2022-03-15
9,1rvfpfeK-hw,炒幣如何看K線？怎麼看走勢圖？,https://www.youtube.com/watch?v=1rvfpfeK-hw,2022-03-22
10,v_1pXz0CK24,NFT怎麼買賣？OpenSea 完整操作教學！【最新版】,https://www.youtube.com/watch?v=v_1pXz0CK24,2022-04-05
11,kMKRimtA7Qs,戰爭時局最前線「逃難資產」解密世界上第一次加密戰爭,https://www.youtube.com/watch?v=kMKRimtA7Qs,2022-04-26
12,AYLlUiWCntE,震撼NFT界的Moonbirds月鳥！,https://www.youtube.com/watch?v=AYLlUiWCntE,2022-05-09
13,rAnvirIHGfw,血流成河！LUNA＆UST撐不住了！DEPEG脫鉤！要逃嗎？,https://www.youtube.com/watch?v=rAnvirIHGfw,2022-05-10
14,O7QrHN0JWoE,我2天賠掉幾百萬！已經有人為此輕生了！怪Do Kwon太狂妄？LFG太輕率？LUNA & UST狙殺全記錄 ！,https://www.youtube.com/watch?v=O7QrHN0JWoE,2022-05-13
15,3N83Z035G-s,誰攻擊LUNA？Do Kwon心懷不軌？孫宇晨保自己的USDD？美國政府的陰謀？龐氏騙局？LUNA UST陰謀論！,https://www.youtube.com/watch?v=3N83Z035G-s,2022-05-14
16,uWaq_Pchq60,算法穩定幣的末日！收益59.83％！陰謀論主角的USDD是不是下一個毀滅的穩定幣？,https://www.youtube.com/watch?v=uWaq_Pchq60,2022-05-15
17,-SVO3JwXWcQ,關鍵7天搶救LUNA UST！終極之戰！TERRA投票已啟動！你投了嗎？,https://www.youtube.com/watch?v=-SVO3JwXWcQ,2022-05-19
18,HN9ciWP9psE,Tether 財報只有2個圓餅圖！穩定幣USDT有美金支撐嗎？,https://www.youtube.com/watch?v=HN9ciWP9psE,2022-05-22
19,vU8_YHTnmMI,新LUNA2.0 暴漲又暴跌！還沒拿到全部？看怎麼分階段空投！,https://www.youtube.com/watch?v=vU8_YHTnmMI,2022-05-30
20,tbWJGd1gixw,美聯儲強勢！市場還沒觸底？為什麼市場不堪一擊？,https://www.youtube.com/watch?v=tbWJGd1gixw,2022-06-01
21,fQWT1XCFFmI,全球搶糧！你的錢也蒸發？糧食短缺怎麼影響幣圈？股市？,https://www.youtube.com/watch?v=fQWT1XCFFmI,2022-06-04
22,6VIvR2Ygti0,BNB閃跌！幣安Binance腥風血雨！被控成為毒販駭客洗錢聖地！,https://www.youtube.com/watch?v=6VIvR2Ygti0,2022-06-09
23,b41ju0Bq_1c,比特幣價格預測！市場觸底倒數？5個原因！,https://www.youtube.com/watch?v=b41ju0Bq_1c,2022-06-12
24,Mq5UCPaebZI,Celsius危機始末！以太幣還能買嗎？｛我確診了！｝,https://www.youtube.com/watch?v=Mq5UCPaebZI,2022-06-16
25,YAdgTXPhlCU,絲路暗網！惡魔版網購平台！,https://www.youtube.com/watch?v=YAdgTXPhlCU,2022-06-19
26,7qLzW2e7eVA,2022幣圈股市最重要的一天！請準備好！,https://www.youtube.com/watch?v=7qLzW2e7eVA,2022-06-23
27,8b5kFyBWQJU,密切關注！近期可能發生的大規模清算！,https://www.youtube.com/watch?v=8b5kFyBWQJU,2022-06-26
28,os_19wMKSI0,比特幣低點指標？重複歷史？BITI的出現！,https://www.youtube.com/watch?v=os_19wMKSI0,2022-07-01
29,CzGBAYgCt2Y,USDT危機懶人包！資本圍捕！大舉做空！機構猛力散播恐懼中！,https://www.youtube.com/watch?v=CzGBAYgCt2Y,2022-07-03
30,SIz1jT5Kjgw,三箭資本倒閉！創辦人失聯！變賣資產！15億遊艇！10億豪宅！人神共憤！,https://www.youtube.com/watch?v=SIz1jT5Kjgw,2022-07-06
31,p4p_qzC4M7Y,安倍晉三槍擊事件始末！兇手殺錯人？邪教？,https://www.youtube.com/watch?v=p4p_qzC4M7Y,2022-07-12
32,P7atsb_aQ5k,Mt.Gox 事件始末！8月災難將至？還會更慘嗎？,https://www.youtube.com/watch?v=P7atsb_aQ5k,2022-07-18
33,SL-aXC5YTjo,世界首富！耍了整個幣圈？1億粉絲的力量！你還相信Elon Musk嗎？,https://www.youtube.com/watch?v=SL-aXC5YTjo,2022-07-23
34,dCG8nPKujyA,世界首富操作幣圈！總整理！龐大金錢帝國的陰謀？一則貼文撼動千億！,https://www.youtube.com/watch?v=dCG8nPKujyA,2022-07-27
35,IKNdxTWCZcY,1個男人！2隻機器狗！遺失的8千顆比特幣！上百億的任務！,https://www.youtube.com/watch?v=IKNdxTWCZcY,2022-07-31
36,_kqEW_a-_6I,SBF豪擲千億！FTX收購懶人包！,https://www.youtube.com/watch?v=_kqEW_a-_6I,2022-08-05
37,aHRz1io7rJE,【最新】DO KWON訪談懶人包！TERRA崩壞！詐騙？內賊？雙面人？,https://www.youtube.com/watch?v=aHRz1io7rJE,2022-08-19
38,9Vkt9Q6PlVk,關於V神你可能不知道的事！幣圈年紀最小億萬富豪！不斷有人送錢進貢！燒掉66億美金！玩電玩鬧脾氣！省錢省出病！,https://www.youtube.com/watch?v=9Vkt9Q6PlVk,2022-08-27
39,uzQ5N70jR54,以太坊合併懶人包！你必須知道的事！,https://www.youtube.com/watch?v=uzQ5N70jR54,2022-09-04
40,qE4-Z-jERCc,斷人財路！以太分叉！內戰開打！各自為王？散戶陷阱？,https://www.youtube.com/watch?v=qE4-Z-jERCc,2022-09-07
41,IwWieGTjrI8,這支影片可能讓你賺錢！以太合併佈局！,https://www.youtube.com/watch?v=IwWieGTjrI8,2022-09-09
42,M53NqH_OvzY,幣圈富豪：以太幣短期會跌！反身性理論！為什麼市場看空以太幣？,https://www.youtube.com/watch?v=M53NqH_OvzY,2022-09-11
43,4M1PJB3yBXA,最慘的還沒來！史詩級泡泡！倒數引爆！本世紀大蕭條即將來臨？,https://www.youtube.com/watch?v=4M1PJB3yBXA,2022-09-15
44,2zrLPInave8,怕爆！鈔票為什麼可以一直印？瘋狂印錢！居然比史上最貴的13次戰爭還多！,https://www.youtube.com/watch?v=2zrLPInave8,2022-10-03
45,_hLtnThWa6o,貨幣崩盤！英國犯低級錯誤？美金碾爛其他貨幣！,https://www.youtube.com/watch?v=_hLtnThWa6o,2022-10-06
46,bdWwU9RnEyg,不要再投資了？看完這支影片！終極指標！銀行系統的崩壞！最慘的要來了？,https://www.youtube.com/watch?v=bdWwU9RnEyg,2022-10-09
47,lLWmaMiM-J0,全球能源危機！財富洗牌！世界霸權的轉移！中東崛起！,https://www.youtube.com/watch?v=lLWmaMiM-J0,2022-10-16
48,PYudNx839r0,【掏心掏肺】我投資的錢哪來的？幣圈長期抗戰策略！實用抄底工具分享！,https://www.youtube.com/watch?v=PYudNx839r0,2022-10-23
49,hB3FcCIe4pk,先不要投資加密貨幣！先看懂大趨勢！2022 第三季報告來啦！,https://www.youtube.com/watch?v=hB3FcCIe4pk,2022-10-28
50,9FoK12zt2lQ,【乾貨】哪一種穩定幣好？大戰開打！ USDT | USDC | BUSD | DAI,https://www.youtube.com/watch?v=9FoK12zt2lQ,2022-11-04
51,I6UdQ5Mn-hM,幣安CZ要買FTX？！,https://www.youtube.com/watch?v=I6UdQ5Mn-hM,2022-11-08
52,1OTmyCi22XA,最慘的居然還沒來！科技股全面崩盤！歷史重演！大舉裁員！,https://www.youtube.com/watch?v=1OTmyCi22XA,2022-11-09
53,NhGoArRITZI,幣安「不買FTX」！幣圈大崩盤即將來臨！,https://www.youtube.com/watch?v=NhGoArRITZI,2022-11-09
54,myQ9U65YwUk,FTX破產！24小時內到底發生了什麼事？,https://www.youtube.com/watch?v=myQ9U65YwUk,2022-11-11
55,LTHpCD44XKE,SBF駭FTX？CZ早知情？複雜的戀愛關係！最新陰謀論浮出水面！,https://www.youtube.com/watch?v=LTHpCD44XKE,2022-11-13
56,Ms_cpjcPwhc,破產重組！FTX賠償順序！用戶拿得到錢嗎？,https://www.youtube.com/watch?v=Ms_cpjcPwhc,2022-11-15
57,EVVrVebXy1I,FTX詐騙案！比你想得更誇張！,https://www.youtube.com/watch?v=EVVrVebXy1I,2022-11-18
58,cHXT18r-YmQ,FTX詐騙案！駭客比你想得還大咖！,https://www.youtube.com/watch?v=cHXT18r-YmQ,2022-11-20
59,kLlFnSvEJ_Y,幣圈史上最大危機出現！骨牌開始倒了！比特幣最大持有人危險！,https://www.youtube.com/watch?v=kLlFnSvEJ_Y,2022-11-26
60,yLHZRIsQIn8,幣圈骨牌開始倒了！死神敲門！下一個輪到誰？,https://www.youtube.com/watch?v=yLHZRIsQIn8,2022-11-30
61,eiLNbW6c75M,幣圈關鍵時刻【FTX電話錄音】曝光！,https://www.youtube.com/watch?v=eiLNbW6c75M,2022-12-02
62,RXvRhGg86hs,4年一次的機會！2024年比特幣牛市即將啟動！,https://www.youtube.com/watch?v=RXvRhGg86hs,2022-12-06
63,2gvc0LgnNfQ,幣圈交易所！出來面對！內幕大解密！,https://www.youtube.com/watch?v=2gvc0LgnNfQ,2022-12-08
64,ziV68YqVzWQ,幣圈的下一張骨牌？幣安這24小時發生什麼事？,https://www.youtube.com/watch?v=ziV68YqVzWQ,2022-12-14
65,Jmo01mirb34,麻省理工矽谷金童！擠進破爛監獄！FTX聽證會開打！,https://www.youtube.com/watch?v=Jmo01mirb34,2022-12-15
66,nYVnEqNzDss,以太坊V神！在台北區塊鏈週！與神同行的一天！,https://www.youtube.com/watch?v=nYVnEqNzDss,2022-12-18
67,OuXUNm0nHA8,幣安被圍攻！SBF在牢裡害CZ？極端壓力測試！幣安撐得住嗎？,https://www.youtube.com/watch?v=OuXUNm0nHA8,2022-12-20
68,xG2FB84EB8I,FTX背後大BOSS現身！太可怕了！SBF半夜緊急送醫！完全惹不起！,https://www.youtube.com/watch?v=xG2FB84EB8I,2022-12-21
69,JnapwNidnD8,前女友背叛自衛！SBF天價交保！該不會又是用戶的錢吧？,https://www.youtube.com/watch?v=JnapwNidnD8,2022-12-23
70,798kFcanQz4,抓到了！最被忽略的FTX事件首腦！嘴快！不小心承認犯罪！,https://www.youtube.com/watch?v=798kFcanQz4,2022-12-28
71,Aij79ngd_eY,近乎瘋狂的金融操作！幣圈史上最危險的時刻出現！血洗比特幣的最後一張骨牌！,https://www.youtube.com/watch?v=Aij79ngd_eY,2023-01-04
72,ymt8Ve27UYw,小心！致命的細節！散戶居然是這樣被大鯨魚欺負！,https://www.youtube.com/watch?v=ymt8Ve27UYw,2023-01-07
73,Le-pltVQV14,開眼界了！私人飛機送網購！有錢居然是這樣花的！幣圈食物鏈！,https://www.youtube.com/watch?v=Le-pltVQV14,2023-01-11
74,7XIF-EDU2VY,人生立刻開外掛的方法！免費AI可以幫你做的5件事！馬上超越全人類智商！ChatGPT人工智能的時代來臨！,https://www.youtube.com/watch?v=7XIF-EDU2VY,2023-01-18
75,GP7_ZWwM31w,被警告不能講！幣圈富豪一連串離奇死亡案件！,https://www.youtube.com/watch?v=GP7_ZWwM31w,2023-01-26
76,ikiWZDtwcxg,為什麼比特幣在「這個國家」價格直接翻倍？,https://www.youtube.com/watch?v=ikiWZDtwcxg,2023-02-01
77,WSfv26zr0sg,能找到任何人！近乎瘋狂的超強科技！,https://www.youtube.com/watch?v=WSfv26zr0sg,2023-02-10
78,X86CmcVQYNo,大規模屠殺計畫！幣圈這幾天發生什麼事？,https://www.youtube.com/watch?v=X86CmcVQYNo,2023-02-14
79,ZLZeI5_hs_A,【情人節特輯】幣圈人常被分手？吸引力指數大公開！,https://www.youtube.com/watch?v=ZLZeI5_hs_A,2023-02-14
80,qec9bo4cR9Q,幣圈宣戰！天要亡我！那我就......漲！,https://www.youtube.com/watch?v=qec9bo4cR9Q,2023-02-16
81,ldFHkgbTfaw,近乎病態的操作！幣圈寒冬背後的真相！,https://www.youtube.com/watch?v=ldFHkgbTfaw,2023-02-20
82,bzDEUOXwTxc,幣圈大佬們不忍了！爆出核彈等級內幕！,https://www.youtube.com/watch?v=bzDEUOXwTxc,2023-02-23
83,mNfhlQDyw1w,詳解幣圈第二層！Rollup、ZK Rollup、Opimistic Rollup！,https://www.youtube.com/watch?v=mNfhlQDyw1w,2023-02-26
84,6HToL6aJCEo,惡意市場操縱！經典教科書案例！CELT 與 OKX 的對決！,https://www.youtube.com/watch?v=6HToL6aJCEo,2023-03-04
85,fOfrx8rFmTk,比特幣崩跌！幣圈巨人倒下！產業窒息！,https://www.youtube.com/watch?v=fOfrx8rFmTk,2023-03-07
86,rBofcw-SHfI,啊哈！華人幣圈大佬！流量擔當來了！,https://www.youtube.com/watch?v=rBofcw-SHfI,2023-03-11
87,VOp0U_B2gTQ,1週3家銀行倒閉！到底發生什麼事？,https://www.youtube.com/watch?v=VOp0U_B2gTQ,2023-03-14
88,92gOnBJKPVw,瘋狂！比特幣暴漲！超級巨鯨買壓進場！,https://www.youtube.com/watch?v=92gOnBJKPVw,2023-03-15
89,f1k3EZr7Duk,穩定幣接連陷入危機！驚險始末！,https://www.youtube.com/watch?v=f1k3EZr7Duk,2023-03-15
90,2aQ0TQ99pms,瑞士信貸即將引爆！巨大金融海嘯！發生什麼事？,https://www.youtube.com/watch?v=2aQ0TQ99pms,2023-03-17
91,1RDf-mn3mPY,微軟 AI Copilot 發表會懶人包！不要問我為什麼跪著！看完直接加薪！,https://www.youtube.com/watch?v=1RDf-mn3mPY,2023-03-23
92,pooeCH3eO64,2023年最關鍵的會議！極少數精英說了算！決定世界命運！大勢已定！,https://www.youtube.com/watch?v=pooeCH3eO64,2023-03-24
93,HiObB4PTGiM,直擊幣圈巨星Do Kwon被捕現場！成功騙百億逃亡！卻敗在一個細節！,https://www.youtube.com/watch?v=HiObB4PTGiM,2023-03-26
94,pSX3ZrV5H8g,幣安面臨極大危機！最詳盡總整理！過去48小時到底發生什麼事？美國商品期貨委員會的攻防！,https://www.youtube.com/watch?v=pSX3ZrV5H8g,2023-03-29
95,3W0hAhQ4n_c,絕美製圖瞬間上手！馬上學會AI自己！Midjourney 大補帖懶人包來了！超簡單！,https://www.youtube.com/watch?v=3W0hAhQ4n_c,2023-04-09
96,nvzXLGpN7O0,在幣圈交易所工作是什麼樣子？國際級駭客！數學博士！XREX交易所神人大集合！,https://www.youtube.com/watch?v=nvzXLGpN7O0,2023-04-13
97,ZrFT0p8XE70,倒數邁入沒有現金的世界！90%國家推CBDC 中央數位貨幣！要方便？要自由？你會怎麼選？,https://www.youtube.com/watch?v=ZrFT0p8XE70,2023-04-14
98,QyshwJgsk8Q,幣圈大佬當街刺死！馬斯克：「我身邊很多人被威脅！」,https://www.youtube.com/watch?v=QyshwJgsk8Q,2023-04-15
99,Es05cKyFxx0,幣圈最被討厭的人！從台上被轟到台下！到底發生什麼事？,https://www.youtube.com/watch?v=Es05cKyFxx0,2023-04-20
100,z98vBZuF6R4,北韓駭客從小地獄訓練！歡迎來到黑客的養成之路！,https://www.youtube.com/watch?v=z98vBZuF6R4,2023-04-29
101,0M_xdyW9NGU,1 週造就上億富豪！$ PEPE 迷因幣總整理！你只需要看這一支！,https://www.youtube.com/watch?v=0M_xdyW9NGU,2023-05-03
102,oR1lVBlDcr0,蘋果居然是世界上最大的銀行！驚人的秘密金融操作！,https://www.youtube.com/watch?v=oR1lVBlDcr0,2023-05-06
103,NuNKlHt2jU4,驚人！比特幣到底發生什麼事？銘文！BRC-20！,https://www.youtube.com/watch?v=NuNKlHt2jU4,2023-05-12
104,lsSorPpfSyI,比特幣大跌！真實原因其實是......,https://www.youtube.com/watch?v=lsSorPpfSyI,2023-05-14
105,nsT1RxhlQi4,幣圈鬼故事！頂流網紅搞詐騙？秒吸上億資金！操作居然是這樣！,https://www.youtube.com/watch?v=nsT1RxhlQi4,2023-05-18
106,ogPQHZbHbRQ,AI 怎麼衝擊影片製作？快速生成特效！居然可以這樣剪輯！,https://www.youtube.com/watch?v=ogPQHZbHbRQ,2023-05-19
107,yx7NzifLuY8,90 億的披薩長什麼樣子？比特幣 Pizza 節的真相！,https://www.youtube.com/watch?v=yx7NzifLuY8,2023-05-21
108,-xXbdQlgd3A,美債危機超詳細總整理！你有 2 週能阻止經濟大蕭條......,https://www.youtube.com/watch?v=-xXbdQlgd3A,2023-05-24
109,IXuP4G1ZPpc,NVIDIA 輝達大漲懶人包！AI 晶片股價百天翻倍！搶佔全美前五大公司！,https://www.youtube.com/watch?v=IXuP4G1ZPpc,2023-05-28
110,GBi8r-bsY4Y,【驚】幣圈交易所怎麼上幣？哪些幣會被上架？原來百倍幣是這樣來的！,https://www.youtube.com/watch?v=GBi8r-bsY4Y,2023-06-01
111,iSfsFDCOOLs,全人類財富分配實驗！不要問我為什麼害怕！你也在其中......,https://www.youtube.com/watch?v=iSfsFDCOOLs,2023-06-04
112,aY1R0lH38bY,美國告幣安！全網最詳細總整理！136頁起訴書！一次看懂！,https://www.youtube.com/watch?v=aY1R0lH38bY,2023-06-07
113,-6TJJfk1Abo,蘋果眼鏡 Apple Vision Pro 一台居然要 3500 美金！值得嗎？,https://www.youtube.com/watch?v=-6TJJfk1Abo,2023-06-08
114,4VYmLHQRowA,幣圈暴跌真實原因！這24小時發生什麼事？,https://www.youtube.com/watch?v=4VYmLHQRowA,2023-06-11
115,D6KTRjbrnKg,告死你！美國為什麼撲殺加密貨幣？到底怎麼辦？,https://www.youtube.com/watch?v=D6KTRjbrnKg,2023-06-13
116,38596V7AwQ8,USDT 泰達幣危機倒數？機密文件洩露！,https://www.youtube.com/watch?v=38596V7AwQ8,2023-06-18
117,94cleKtc-Aw,為什麼單挑？馬斯克與祖克伯！新仇舊恨總整理！,https://www.youtube.com/watch?v=94cleKtc-Aw,2023-06-25
118,b6j8qZ3Wt8k,傳統金融帶大錢進幣圈......？,https://www.youtube.com/watch?v=b6j8qZ3Wt8k,2023-06-27
119,5I4pRkf-7-E,掌控全世界！這「人」比世上 99.87 % 的「國家」更有錢！,https://www.youtube.com/watch?v=5I4pRkf-7-E,2023-07-09
120,Ld0a-0mRXL4,FTX 交易所居然這樣還錢？超詳細總整理！,https://www.youtube.com/watch?v=Ld0a-0mRXL4,2023-07-13
121,OLSjwla53Mk,XRP 讓幣圈暴漲？小心陷阱！瑞波事件懶人包！看完再下結論！,https://www.youtube.com/watch?v=OLSjwla53Mk,2023-07-15
122,vJduiUxZ468,他當美國總統！比特幣就會暴漲！,https://www.youtube.com/watch?v=vJduiUxZ468,2023-07-23
123,bjxw6djppYM,你的眼球值多少錢？邊看邊背脊發涼！,https://www.youtube.com/watch?v=bjxw6djppYM,2023-07-27
124,nh8i_vlf4ZM,幣圈 no.1 最高榮譽！幣圈爭霸戰節目錄影！等你當邦主！,https://www.youtube.com/watch?v=nh8i_vlf4ZM,2023-08-01
125,PpRxcOpM5T8,頂尖對沖基金的幣圈佈局！能不能翻身就看這次了！報告詳細總整理！,https://www.youtube.com/watch?v=PpRxcOpM5T8,2023-08-07
126,A4RE9uBVmb4,中國房地產危機懶人包！關鍵48小時到底發生什麼事？,https://www.youtube.com/watch?v=A4RE9uBVmb4,2023-08-20
127,FUS5Dyvj5oQ,【智商挑戰】以太坊帳戶抽象！不會不算幣圈人！#OKX,https://www.youtube.com/watch?v=FUS5Dyvj5oQ,2023-08-20
128,6XI9KBxJzgE,恆大地產總整理！月入14元變成首富！看完我認為許家印絕不是凡人！,https://www.youtube.com/watch?v=6XI9KBxJzgE,2023-08-26
129,lqAdOL5CDiE,灰度事件懶人包！到底發生什麼事？,https://www.youtube.com/watch?v=lqAdOL5CDiE,2023-08-31
130,ir7TFj05uxg,Bybit 交易所 Ben Zhou 來了！這是免費能看的嗎？,https://www.youtube.com/watch?v=ir7TFj05uxg,2023-09-03
131,nYHB5yhQTvQ,巴菲特清倉股票！股市大佬押注市場崩盤？新版大賣空？到底發生什麼事？,https://www.youtube.com/watch?v=nYHB5yhQTvQ,2023-09-05
132,s21zwZNpaVM,幣圈血崩倒數？FTX馬上巨額清倉真相！他們都騙你！,https://www.youtube.com/watch?v=s21zwZNpaVM,2023-09-13
133,i1hMtlsH__U,中國 VS 韓國！頂尖加密貨幣交易員的秘密！,https://www.youtube.com/watch?v=i1hMtlsH__U,2023-09-22
134,f6DWv7oVmA0,【幣圈爭霸戰：首部曲】│全明星網紅博主駕到！誰能奪下加密貨幣首場戰役？,https://www.youtube.com/watch?v=f6DWv7oVmA0,2023-09-26
135,xOD-miNma7M,【LIVE 世紀審判】史上最大的金融犯罪！馬拉松開庭Day1！,https://www.youtube.com/watch?v=xOD-miNma7M,2023-10-05
136,Ebz4b1po5-w,臉書最新產品發表會！不敢相信未來居然長這樣！超想要！,https://www.youtube.com/watch?v=Ebz4b1po5-w,2023-10-10
137,dqeAIun9rVo,【幣圈爭霸戰 EP2】│ 幣圈網紅決勝負！實力運氣缺一不可！,https://www.youtube.com/watch?v=dqeAIun9rVo,2023-10-11
138,Ed_95dK-qmY,賄賂官員1億5千萬！SBF前女友為自保大爆料！自傳作者過於迷戀角色？,https://www.youtube.com/watch?v=Ed_95dK-qmY,2023-10-13
139,WpZMRDxvVbk,幣安停止＄美元提領！幣圈假新聞的恐怖！,https://www.youtube.com/watch?v=WpZMRDxvVbk,2023-10-20
140,BTVSC0fk2JQ,比特幣專家預期翻倍！幣圈發生什麼事？,https://www.youtube.com/watch?v=BTVSC0fk2JQ,2023-10-24
141,6gfY7YkP5YI,比特幣還有牛市嗎？大機構居然這樣說......,https://www.youtube.com/watch?v=6gfY7YkP5YI,2023-10-28
142,qcMVpFLgEGY,完美落入檢察官設下的天羅地網？FTX 天才加密金童的殞落！,https://www.youtube.com/watch?v=qcMVpFLgEGY,2023-11-04
143,28H_4USULrc,2024年世界財富報告！台灣人會不會太有錢了！認知徹底爆炸！【邦妮區塊鏈】,https://www.youtube.com/watch?v=28H_4USULrc,2023-11-05
144,6T9-JCAtlFU,Sam Altman執行長被炒！OpenAI 開發者大會到底發生了什麼？,https://www.youtube.com/watch?v=6T9-JCAtlFU,2023-11-15
145,tM4S7QpOPms,【幣圈爭霸戰 EP3】全明星幣圈紅藍大對抗！超高壓賽制逼出爆發力！想要活下去只能拼盡全力！【終局之戰】,https://www.youtube.com/watch?v=tM4S7QpOPms,2023-11-16
146,T8qIOuKaDcU,幣安CZ辭職事件總整理！內幕！完全不同的看法！,https://www.youtube.com/watch?v=T8qIOuKaDcU,2023-11-22
147,rRC4PZ9YLvA,本世紀最強投資人斯思維！改變巴菲特的軍師！【99歲人生謝幕】,https://www.youtube.com/watch?v=rRC4PZ9YLvA,2023-11-30
148,1G56gJd_J3c,哪個幣能買？超硬核檢驗心法！最詳細加密貨幣研究攻略！經驗濃縮！,https://www.youtube.com/watch?v=1G56gJd_J3c,2023-12-04
149,XpJmqAUVls0,比特幣暴漲別太樂觀？小心過度貪婪！專訪幣圈行銷專家！,https://www.youtube.com/watch?v=XpJmqAUVls0,2023-12-06
150,UPlEANbW9V0,比特幣牛市一再重演！抓緊這些信號！谷底翻身！,https://www.youtube.com/watch?v=UPlEANbW9V0,2023-12-13
151,u4E7DhXt3GE,2024年市場超樂觀！專家曝巨大隱藏危機！政府的計畫是這樣......,https://www.youtube.com/watch?v=u4E7DhXt3GE,2023-12-18
152,BzIVJsaEOKg,曝光！2024頂級幣圈機構分析師手上持倉！千頁機構報告總整理！,https://www.youtube.com/watch?v=BzIVJsaEOKg,2023-12-30
153,YtdIEBK1O6s,緊急！比特幣幣價預測！暴漲暴跌即將來臨......,https://www.youtube.com/watch?v=YtdIEBK1O6s,2024-01-03
154,UGYtmb_rVnY,比特幣要發生大事了？箭在弦上！倒數...3...,https://www.youtube.com/watch?v=UGYtmb_rVnY,2024-01-09
155,KHZHUsUQ8Yg,比特幣牛市根本還早？大家都錯了？預期「這」會爆火！幣圈骨灰級人物專訪！,https://www.youtube.com/watch?v=KHZHUsUQ8Yg,2024-01-10
156,p9q0gTxJha4,比特幣ETF通過！接下來幣圈怎麼走？居然炒這個啊...,https://www.youtube.com/watch?v=p9q0gTxJha4,2024-01-12
157,QWUeCtK9_Bg,明明利好卻跌到懷疑人生！比特幣到底發生什麼事？,https://www.youtube.com/watch?v=QWUeCtK9_Bg,2024-01-19
158,DyuouT9u3iA,科技公司大砍人！逼人輕生！股市卻創新高！到底怎麼回事？,https://www.youtube.com/watch?v=DyuouT9u3iA,2024-01-23
159,4slefC3BQvg,2024 全球富裕國家排行榜！不敢置信！最有錢的國家居然是….,https://www.youtube.com/watch?v=4slefC3BQvg,2024-02-01
160,-qo0CY3QMvI,扯！機構99%神準斷言比特幣價！最新預測曝光！,https://www.youtube.com/watch?v=-qo0CY3QMvI,2024-02-02
161,V5KtGK9TYh4,2024年幣圈即將爆發的賽道！超詳細懶人包！,https://www.youtube.com/watch?v=V5KtGK9TYh4,2024-02-12
162,JiDpAwgSU-o,快來看看！你會以哪種方式變有錢人？,https://www.youtube.com/watch?v=JiDpAwgSU-o,2024-02-15
163,v3oLbSeK1YE,這整支影片都不是真的！文字轉影片AI！#SORA 【邦妮區塊鏈】,https://www.youtube.com/watch?v=v3oLbSeK1YE,2024-02-20
164,istKPE2EWd4,幣圈市場機會大爆發！在dYdX用這招穩穩賺美元！老大親自出馬！,https://www.youtube.com/watch?v=istKPE2EWd4,2024-02-25
165,LdRE_GD6w6k,比特幣暴漲原因一次看！專家才知道的財富密碼！內行不藏私！ #比特幣,https://www.youtube.com/watch?v=LdRE_GD6w6k,2024-03-03
166,wN553NCWIOc,市場極度貪婪！USDT創辦人超狂預測！再破歷史新高？終將下跌？,https://www.youtube.com/watch?v=wN553NCWIOc,2024-03-08
167,79o_dENHYKw,10萬滾到千萬！幣圈少年全靠這一招！【邦妮區塊鏈】,https://www.youtube.com/watch?v=79o_dENHYKw,2024-03-10
168,8dv7OFHQqCA,這些幣噴10倍！交易所量能爆棚！即將再創新高？,https://www.youtube.com/watch?v=8dv7OFHQqCA,2024-03-18
169,ER4xNhSVJ2c,NVIDIA黃仁勳給年輕人的忠告！你要面對的世界將是這樣子的！不看真的會後悔！【邦妮區塊鏈】,https://www.youtube.com/watch?v=ER4xNhSVJ2c,2024-03-20
170,x3R-HKvlkmA,NVIDIA黃仁勳：這世界再也回不去！【2024 GTC 精華整理】,https://www.youtube.com/watch?v=x3R-HKvlkmA,2024-03-31
171,JGDRGpbXao8,用AI做出屌打人類的音樂！太扯了！驚魂未定！,https://www.youtube.com/watch?v=JGDRGpbXao8,2024-04-05
172,N2Vv-Ov-ekE,比特幣減半來了！警告！市場即將.….,https://www.youtube.com/watch?v=N2Vv-Ov-ekE,2024-04-10
173,YHbUMAB3UPY,緊急！比特幣剛剛減半！機構居然這時候清倉了？,https://www.youtube.com/watch?v=YHbUMAB3UPY,2024-04-19
174,4cH1HjMdcM4,超硬核！第一個喊Solana的男人大曝內幕！牛市拚翻身！Zeus Network！,https://www.youtube.com/watch?v=4cH1HjMdcM4,2024-04-23
175,hA-_ItiXj3Q,穩定幣邏輯剖析！不懂不可能賺錢！連發行商也來了！,https://www.youtube.com/watch?v=hA-_ItiXj3Q,2024-05-02
176,8QmThM8oBSs,機構給出了驚悚的幣價預測......【不敢看】,https://www.youtube.com/watch?v=8QmThM8oBSs,2024-05-03
177,_i_XBFBQRYc,搶救幣安CZ！海量求情書奏效！以太坊接著中槍！,https://www.youtube.com/watch?v=_i_XBFBQRYc,2024-05-07
178,VP2-8jIurUE,ChatGPT 4o 發表會！這已經遠超越我對AI的認知了！嚇瘋....,https://www.youtube.com/watch?v=VP2-8jIurUE,2024-05-15
179,V2O-hJFSycc,Google IO大會！史上最實用的AI來了！,https://www.youtube.com/watch?v=V2O-hJFSycc,2024-05-17
180,xkAGy2DH_Sw,以太幣暴漲！我被盜了！FTX賠償真相！TON生態潛力項目！,https://www.youtube.com/watch?v=xkAGy2DH_Sw,2024-05-21
181,0sZIJaDRszU,以太現貨ETF通過！幣價怎麼走？準備幹大事！坐等機構進場！,https://www.youtube.com/watch?v=0sZIJaDRszU,2024-05-25
182,jYsGdbA4RHA,怎麼投資加密貨幣？全網最完整の新手教戰守則！【邦妮區塊鏈】,https://www.youtube.com/watch?v=jYsGdbA4RHA,2024-05-28
183,AK_T7O9tevg,總統全力討好幣圈人？比特幣六月創新高！迷因幣瘋漲！華爾街虎視眈眈！,https://www.youtube.com/watch?v=AK_T7O9tevg,2024-06-02
184,f6XmHpPil6w,NVIDIA黃仁勳給「領導者」的忠告！兩代老闆的寶藏對談！不看真的會後悔！【邦妮區塊鏈】,https://www.youtube.com/watch?v=f6XmHpPil6w,2024-06-03
185,kCwVn3gyej4,NVIDIA黃仁勳眼中的台灣！新革命已經到來！台灣人，你該怎麼做？【COMPUTEX Keynote 2024】【邦妮區塊鏈】,https://www.youtube.com/watch?v=kCwVn3gyej4,2024-06-04
186,Xrs_YVOPXZE,NVIDIA黃仁勳的史丹佛課程！給年輕人的成功寶典！【2009年精華版】【邦妮區塊鏈】,https://www.youtube.com/watch?v=Xrs_YVOPXZE,2024-06-08
187,MFJK0NqwVks,NVIDIA黃仁勳的創業課程！給你成功的鑰匙！【2003年經典版】【邦妮區塊鏈】,https://www.youtube.com/watch?v=MFJK0NqwVks,2024-06-09
188,V3XzdN8-LIA,機構仙丹失靈？斷言比特幣將漲！市場暗潮洶湧！貝萊德搞新交易所！【幣圈重磅】,https://www.youtube.com/watch?v=V3XzdN8-LIA,2024-06-11
189,ZCk51JJMsJM,你家算有錢嗎？台灣財富報告！中產階級不見了！認知徹底崩塌！【邦妮區塊鏈】,https://www.youtube.com/watch?v=ZCk51JJMsJM,2024-06-17
190,-mM8KWizrw0,幣圈崩盤！股市新高！加密貨幣牛市結束了？,https://www.youtube.com/watch?v=-mM8KWizrw0,2024-06-19
191,6wWph-8paCY,血洗幣圈？全面失守！崩潰！我要躺下來......,https://www.youtube.com/watch?v=6wWph-8paCY,2024-06-24
192,Ja3S56OL9iU,直接刷加密貨幣！神卡總整理！機場貴賓室！CRYPTO.COM 財富顧問！私人飛機！,https://www.youtube.com/watch?v=Ja3S56OL9iU,2024-06-26
193,gq3mL0KDLZ4,市場恐慌指數飆升！加倉時刻不遠了？,https://www.youtube.com/watch?v=gq3mL0KDLZ4,2024-07-01
194,vv60ceGoYLQ,華爾街格局看幣圈！大部分機構根本還沒入場！,https://www.youtube.com/watch?v=vv60ceGoYLQ,2024-07-03
195,_hDUyPp50iU,NVIDIA黃仁勳給年輕人的忠告！你的人生策略應該是這樣子！不看真的太可惜！【美國名校系列】【邦妮區塊鏈】,https://www.youtube.com/watch?v=_hDUyPp50iU,2024-07-06
196,ZnFZxeiYGsw,死傷慘重！這次幣圈週期很難賺錢？你服嗎？,https://www.youtube.com/watch?v=ZnFZxeiYGsw,2024-07-10
197,diPRoUgps0U,遇到Youtube創辦人！Youtuber Met the Founder of Youtube ft. @EmmaSleepTaiwan,https://www.youtube.com/watch?v=diPRoUgps0U,2024-07-11
198,wFxrMPLo-Zc,川普槍手背景曝光！竟然出現在貝萊德廣告裡！陰謀論？,https://www.youtube.com/watch?v=wFxrMPLo-Zc,2024-07-15
199,46zKBQFe5gY,川普副手是誰？持有比特幣！川普槍擊警察早獲報？最親幣圈政策？,https://www.youtube.com/watch?v=46zKBQFe5gY,2024-07-17
200,LcWshtH0nzU,頂級金融核心圈！正在對幣圈暗中盤算什麼？,https://www.youtube.com/watch?v=LcWshtH0nzU,2024-07-22
201,x083LIlgjCI,全網最完整！CRYPTO.COM 交易所指南！,https://www.youtube.com/watch?v=x083LIlgjCI,2024-07-23
202,FfMzII0ojmw,DePIN幣圈爆發！AI算力大戰早在幣圈打起來！最完整的說明書！,https://www.youtube.com/watch?v=FfMzII0ojmw,2024-08-01
203,ABPe_MZwxq4,玩遊戲賺錢？鏈遊最底層的邏輯！MATR1X創辦人來了！,https://www.youtube.com/watch?v=ABPe_MZwxq4,2024-08-03
204,c_yjG5MOvwg,史上最慘的一天！全球股市血洗！幣圈大暴跌！為什麼？【邦妮區塊鏈】,https://www.youtube.com/watch?v=c_yjG5MOvwg,2024-08-05
205,W5ytoGmi9ig,金融危機來臨？全球市場暴跌真實原因！該逃嗎？【邦妮區塊鏈】,https://www.youtube.com/watch?v=W5ytoGmi9ig,2024-08-07
206,3PhvbFIzqiQ,幣圈匿名借錢？不用擔心被歧視？加密貨幣借貸原來是這樣！【邦妮區塊鏈】,https://www.youtube.com/watch?v=3PhvbFIzqiQ,2024-08-11
207,0rQhWejVaxE,2024年10大改變人類的科技！世界居然已經這麼先進了！幣圈恐破解？減肥藥也上榜！【邦妮區塊鏈】,https://www.youtube.com/watch?v=0rQhWejVaxE,2024-08-14
208,UU0FDQ2ZCR4,金融大佬悲觀！巴菲特出場！財報季曝警訊！牛市悄悄結束？經濟衰退一觸即發？【邦妮區塊鏈】,https://www.youtube.com/watch?v=UU0FDQ2ZCR4,2024-08-16
209,lhuvZRIm9sc,莊家：比特幣3000萬台幣！薩爾瓦多比特幣計畫幕後藏鏡人Samson Mow！聽完徹底嚇瘋！【邦妮區塊鏈】,https://www.youtube.com/watch?v=lhuvZRIm9sc,2024-08-24
210,gzD99Qdh3o0,他是誰？Telegram CEO 被捕真相！比你想得更可怕！【邦妮區塊鏈】,https://www.youtube.com/watch?v=gzD99Qdh3o0,2024-08-26
211,HvDuYbvflOY,注意！你的幣圈投資風險過高！對沖基金的頂級操作！原來幣圈可以這樣！【邦妮區塊鏈】,https://www.youtube.com/watch?v=HvDuYbvflOY,2024-08-28
212,aw1r4lTg1Ww,全球晶片股爆跌！兇手居然是它！反壟斷法是什麼？【邦妮區塊鏈】,https://www.youtube.com/watch?v=aw1r4lTg1Ww,2024-09-05
213,BFaPd21ETfA,幣圈冷錢包是什麼？最暴力的Tangem開箱！,https://www.youtube.com/watch?v=BFaPd21ETfA,2024-09-07
214,EmLq8I8efTU,幣安怎麼加密貨幣出入金？全網最新、最詳細の新手指南！【邦妮區塊鏈】,https://www.youtube.com/watch?v=EmLq8I8efTU,2024-09-08
215,jloNRK9-TrA,每個年紀應該存多少錢？【邦妮區塊鏈】,https://www.youtube.com/watch?v=jloNRK9-TrA,2024-09-20
216,krBzpzA-uPg,你會後悔！以太幣可能創不了新高？幣圈大佬吵翻天！【邦妮區塊鏈】,https://www.youtube.com/watch?v=krBzpzA-uPg,2024-09-22
217,dhpLDVSJcYE,恐怖的真實數字！對不起！大部分的加密貨幣高點已經過了......,https://www.youtube.com/watch?v=dhpLDVSJcYE,2024-09-24
218,xVfs9Us7Tw0,怎麼投資加密貨幣？全網最完整の新手「機器人」教戰守則！【邦妮區塊鏈】,https://www.youtube.com/watch?v=xVfs9Us7Tw0,2024-09-27
219,dpGxdXsuz8I,不能不知！比特幣創新高延遲！消息總整理！【邦妮區塊鏈】,https://www.youtube.com/watch?v=dpGxdXsuz8I,2024-09-30
220,CN8jxwscC5Q,這可能是牛市的主戰場！加密手機？加密手錶？【邦妮區塊鏈】,https://www.youtube.com/watch?v=CN8jxwscC5Q,2024-10-03
221,PQYwE0MV24w,驚人的重要證據！這種錢你願意賺嗎？【邦妮區塊鏈】,https://www.youtube.com/watch?v=PQYwE0MV24w,2024-10-05
222,Pr2sB1KMQhY,非洲最大交易所：長期比特幣合理價2100萬台幣！【邦妮區塊鏈】,https://www.youtube.com/watch?v=Pr2sB1KMQhY,2024-10-09
223,Rg42igS7e_c,嚇人！最新特斯拉發表會！史上最偉大的產品出現了？,https://www.youtube.com/watch?v=Rg42igS7e_c,2024-10-12
224,dSbKFDW58kc,比特幣暴漲！果然！貝萊德真的出手了！【邦妮區塊鏈】,https://www.youtube.com/watch?v=dSbKFDW58kc,2024-10-16
225,WKivsvDkGP4,機構狂買比特幣！注意這些關鍵！可能快沒時間了....,https://www.youtube.com/watch?v=WKivsvDkGP4,2024-10-21
226,22-WjWckVyE,2025年世界財富報告！台灣人居然名列第一！徹底顛覆認知！【邦妮區塊鏈】,https://www.youtube.com/watch?v=22-WjWckVyE,2024-10-28
227,aCsNYqNLtTI,冷錢包權威：你的加密資產已經被盯上！趕快做這件事！冷錢包最詳細解答！【邦妮區塊鏈】,https://www.youtube.com/watch?v=aCsNYqNLtTI,2024-11-05
228,c-ACsFp81Bs,戲劇化商業鬥爭！OpenSea怎麼輸掉NFT市場？Magic Eden、BLUR商業鬥爭！【邦妮區塊鏈】,https://www.youtube.com/watch?v=c-ACsFp81Bs,2024-11-08
229,0HQ1a9uiB0o,比特幣歷史新高！4個我還敢買的理由！【邦妮區塊鏈】,https://www.youtube.com/watch?v=0HQ1a9uiB0o,2024-11-09
230,Ij5hrTmfOgs,比特幣耶穌Michael Saylor：這個世代的翻身機會！你只需要這樣做！比特幣最重要的影片！不看真的會後悔！MicroStrategy MSTR【邦妮區塊鏈】,https://www.youtube.com/watch?v=Ij5hrTmfOgs,2024-11-16
231,I2_F5AZ6R7E,他找到金融的無限槓桿！我衝進去了！為什麼美股MSTR一路狂衝？老闆Michael Saylor親自揭秘！MicroStrategy【邦妮區塊鏈】【精華版】,https://www.youtube.com/watch?v=I2_F5AZ6R7E,2024-11-21
232,8JDgnCWdAoc,傳統金錢思維可能不正確！MicroStrategy 比特幣的世紀操作！Michael Saylor【邦妮區塊鏈】【精華版】,https://www.youtube.com/watch?v=8JDgnCWdAoc,2024-11-21
233,eR_rgg5vjQk,比特幣即將破十萬美金！現在買會太晚嗎？比特幣耶穌的價格預測！你一定要看！MicroStrategy【邦妮區塊鏈】【精華版】,https://www.youtube.com/watch?v=eR_rgg5vjQk,2024-11-22
234,rkh6dWkNDlY,「幣圈合約」從零開始！全網最完整入門指南！波段交易員公開開單5步驟！【邦妮區塊鏈】,https://www.youtube.com/watch?v=rkh6dWkNDlY,2024-11-25
235,2JBNora-Abs,99.99%的人根本不知情！國家機構級別！搶比特幣大戰正式開打！博弈論的終點！【邦妮區塊鏈】,https://www.youtube.com/watch?v=2JBNora-Abs,2024-11-28
236,ZSkQzVwuXz8,關鍵！比特幣即將進入瘋狂價格區間！5個極重要指標！小心措手不及！【邦妮區塊鏈】,https://www.youtube.com/watch?v=ZSkQzVwuXz8,2024-12-04
237,EPY3FPzIlBI,教父：我以為 BTC $1 已經很高了！極珍貴訪談！Adam Back 與中本聰的交手！【比特幣10萬壓軸來賓】【邦妮區塊鏈】,https://www.youtube.com/watch?v=EPY3FPzIlBI,2024-12-05
238,nQEyvRPlUVI,重要！比特幣衝破10萬美元！見證歷史！接下來呢？【邦妮區塊鏈】,https://www.youtube.com/watch?v=nQEyvRPlUVI,2024-12-06
239,AvIBRBSfdKY,Magic Eden創辦人：沒有比現在更好的時機！你還來得及致富！【邦妮區塊鏈】,https://www.youtube.com/watch?v=AvIBRBSfdKY,2024-12-12
240,ZzZ1jN94_IY,2025年加密貨幣10大預測！5個頂點逃跑訊號！出金時機！【邦妮區塊鏈】,https://www.youtube.com/watch?v=ZzZ1jN94_IY,2024-12-19
241,mNIUbz6TbEY,史上最極致金融操作！再發百億股！MicroStrategy即將買光所有比特幣？99.99%的人根本沒準備好！,https://www.youtube.com/watch?v=mNIUbz6TbEY,2024-12-28
242,gQfY2jf3oRk,Michael Saylor比特幣十萬跨年世紀派對！Inside Michael Saylor's BTC 100K New Year's Party 【中文ENG】,https://www.youtube.com/watch?v=gQfY2jf3oRk,2025-01-06
243,usTp6iKa1aE,2025年不可不知的幣圈知識！專家私下都買什麼？啥時賣幣？看完硬實力直接破表！【邦妮區塊鏈】,https://www.youtube.com/watch?v=usTp6iKa1aE,2025-01-08
244,2lqWYoHU6vs,NVIDIA黃仁勳：2025年的超強AI！大多數人不知情！你不能錯過這次機會！,https://www.youtube.com/watch?v=2lqWYoHU6vs,2025-01-09
245,kDgtA_VGCMs,我身邊有人1天賺了幾億！川普夫婦居然發幣！認知崩塌！幣圈大暴動！【邦妮區塊鏈】,https://www.youtube.com/watch?v=kDgtA_VGCMs,2025-01-20
246,O_JQPlr7ktk,【幣圈智商挑戰】這可能是比特幣生態最大的機會！機構虎視眈眈的巨大熱點！【邦妮區塊鏈】,https://www.youtube.com/watch?v=O_JQPlr7ktk,2025-01-21
247,AgvdBbVE2ls,2025年比特幣會到多少錢？8個機構專家權威預測！【邦妮區塊鏈】,https://www.youtube.com/watch?v=AgvdBbVE2ls,2025-01-23
248,pxCxmsSnLQQ,驚人！20天美國旅遊光是小費就花了......【邦妮區塊鏈】,https://www.youtube.com/watch?v=pxCxmsSnLQQ,2025-02-02
249,PwP2JpvsXMs,川普關稅最新進展！對你的影響是什麼？【邦妮區塊鏈】,https://www.youtube.com/watch?v=PwP2JpvsXMs,2025-02-04
250,_YEWG7SBqC0,「以太坊」全爭議超精彩分析！別當傻子了！元老級人物現身說法！【邦妮區塊鏈】,https://www.youtube.com/watch?v=_YEWG7SBqC0,2025-02-09
251,h6KyJPUVZ1w,全球科技年度報告！一集告訴你所有最新科技！不能落伍！Ark Invest Big Ideas 2025【邦妮區塊鏈】,https://www.youtube.com/watch?v=h6KyJPUVZ1w,2025-02-17
252,WxCWPuOpkKg,史上最貴的駭客事件！Bybit被盜總整理！【邦妮區塊鏈】,https://www.youtube.com/watch?v=WxCWPuOpkKg,2025-02-23
253,LOUOIvc2V1g,比特幣大暴跌是歷史重演！全網最強的幣圈分析師！看完學會最重要的交易概念！ feat. @intothecryptoverse,https://www.youtube.com/watch?v=LOUOIvc2V1g,2025-02-28
254,iMZpfWoY7Us,加密貨幣戰略儲備倒數！接下來要注意這些！【邦妮區塊鏈】,https://www.youtube.com/watch?v=iMZpfWoY7Us,2025-03-05
255,O4tZehhipZs,以太大戶：「你的風險，就是不敢承擔風險！」幣圈主權管不了！鏈上信用系統建立！【邦妮區塊鏈】,https://www.youtube.com/watch?v=O4tZehhipZs,2025-03-06
256,ermsw0U-QJY,不可能一輪牛熊週期就有錢！不要急！不嫉妒！【邦妮區塊鏈】,https://www.youtube.com/watch?v=ermsw0U-QJY,2025-03-13
257,mlQqwTTtUNM,怎麼成為頂尖1%！幣圈邪教？最看不順眼的事！feat. @blockchaindailynews,https://www.youtube.com/watch?v=mlQqwTTtUNM,2025-03-17
258,nku9Du2Zvu8,2025世界就業報告！哪些工作最搶手？哪些即將消失？哪些大幅加薪？哪些科系熱門？【邦妮區塊鏈】,https://www.youtube.com/watch?v=nku9Du2Zvu8,2025-03-20
259,1gtD_HV8q2U,川普幣圈最新談話！紐約現場機構極度樂觀！【邦妮區塊鏈】,https://www.youtube.com/watch?v=1gtD_HV8q2U,2025-03-21
260,u_UV-w3ugHM,東西方金融YouTuber交手：總結頂尖經濟學家意見！經濟可能進入巨烈疼痛期？feat. @TheDavidLinReport,https://www.youtube.com/watch?v=u_UV-w3ugHM,2025-03-25
261,ibYUIwsJXtk,資安專家：你的資金不安全！Google、冷錢包、以太坊全上榜！Bybit駭客事件解讀！【邦妮區塊鏈】,https://www.youtube.com/watch?v=ibYUIwsJXtk,2025-03-27
262,3q2j9ppWr0Q,血洗市場！白宮加密顧問揭秘辛：幣圈下一步是….│Bo Hines│紐約數位資產峰會DAS 2025【邦妮區塊鏈】@TheDavidLinReport,https://www.youtube.com/watch?v=3q2j9ppWr0Q,2025-04-03
263,X4mxeWk1EMQ,全球市場大跌！前白宮溝通主任揭驚人內幕：比特幣、台積電、經濟衰退、川普共事│Anthony Scaramucci│紐約數位資產峰會【邦妮區塊鏈】@therealanthonyscaramucci,https://www.youtube.com/watch?v=X4mxeWk1EMQ,2025-03-31
264,HfAzAPHw0k4,正在醞釀的加密貨幣領域！哪些指標應該注意？哪些最有機會？【邦妮區塊鏈】,https://www.youtube.com/watch?v=HfAzAPHw0k4,2025-03-30
265,1x33dMulZhA,明天股市開盤即收盤？你準備好了嗎？關稅談判大膽的推測！【邦妮區塊鏈】,https://www.youtube.com/watch?v=1x33dMulZhA,2025-04-06
266,95h7AIQApzo,頂尖經濟學家曝：最有可能3狀況！直言市場還不夠悲觀！【邦妮區塊鏈】,https://www.youtube.com/watch?v=95h7AIQApzo,2025-04-08
267,x2-VeDs6q0E,專家：經濟衰退機率仍高！關稅完整時間軸！各國狂倒貨美債！川普關稅轉向！【邦妮區塊鏈】,https://www.youtube.com/watch?v=x2-VeDs6q0E,2025-04-11
268,QMOgKhhBxnI,市場制定者：散戶忽略的內幕！總體經濟、股市、比特幣、以太幣與山寨幣│Matthew Sigel│紐約數位資產峰會DAS 2025【邦妮區塊鏈】,https://www.youtube.com/watch?v=QMOgKhhBxnI,2025-04-16
269,XcCiOL-RpCY,川普親筆談判書10大策略心法！立刻看懂！The Art Of The Deal 交易的藝術！【邦妮區塊鏈】,https://www.youtube.com/watch?v=XcCiOL-RpCY,2025-04-18
270,CZVEcLnUACI,彭博社分析師：比特幣暴漲關鍵！下一波強力買壓來襲！│ James Seyffart │紐約數位資產峰會DAS 2025【邦妮區塊鏈】feat. @TheDavidLinReport,https://www.youtube.com/watch?v=CZVEcLnUACI,2025-05-12
271,NXMxWERiVak,怎麼投資比特幣？什麼是加密貨幣？全網最完整の新手教戰守則！【邦妮區塊鏈】,https://www.youtube.com/watch?v=NXMxWERiVak,2025-05-08
272,6KGKt5qRzIY,比特幣還有500倍！元老 Jack Mallers：各國貨幣危機！42000 顆比特幣航空母艦！【邦妮區塊鏈】feat. @MoneyMattersPod,https://www.youtube.com/watch?v=6KGKt5qRzIY,2025-05-05
273,p0Bui-ji4ec,Coinbase資產CEO：這種時候該大力買進！曝光投資邏輯！醍醐灌頂│Eric Peters│紐約數位資產峰會DAS 2025【邦妮區塊鏈】 @TheDavidLinReport,https://www.youtube.com/watch?v=p0Bui-ji4ec,2025-04-25
274,8r6cm-Xhehc,比特幣耶穌 Michael Saylor：比特幣即將暴漲！為什麼預期1000萬美元？│ MSTR │紐約數位資產峰會【邦妮區塊鏈】feat. @TheDavidLinReport,https://www.youtube.com/watch?v=8r6cm-Xhehc,2025-04-22
275,VATB6d_6JiI,【孫子兵法】提升人生勝率六絕招！升遷、人際槓桿、商業貿易戰都超好用！【邦妮區塊鏈】,https://www.youtube.com/watch?v=VATB6d_6JiI,2025-04-20
276,dJ5kNrE1ok0,幣價預期狂升！Bitwise揭內幕：決定比特幣價的3個關鍵指標！│ Matt Hougan │紐約數位資產峰會DAS 2025【邦妮區塊鏈】feat. @TheDavidLinReport,https://www.youtube.com/watch?v=dJ5kNrE1ok0,2025-05-13
277,bAaWG_6YyGQ,專家揭驚人內幕：量子電腦、比特幣、幣圈保險、駭客│ BitGo CEO Mike Belshe │紐約數位資產峰會DAS 2025【邦妮區塊鏈】feat. @TheDavidLinReport,https://www.youtube.com/watch?v=bAaWG_6YyGQ,2025-05-14
278,pvXupl6uAdU,Gemini交易所：2025下半年幣圈非常樂觀│ Marshall Beard │紐約數位資產峰會DAS 2025【邦妮區塊鏈】feat. @TheDavidLinReport,https://www.youtube.com/watch?v=pvXupl6uAdU,2025-05-18
279,TiZMo9ckv5I,千萬別無腦握幣！平均成本法DCA真的好嗎？呢喃貓曝：幣圈入門超重要觀念！【邦妮區塊鏈】,https://www.youtube.com/watch?v=TiZMo9ckv5I,2025-05-19
280,zc8HN_VvWfo,NVIDIA黃仁勳：個人超級電腦、巨型晶片、機器人、AI、台灣總部【COMPUTEX GTC 2025 精華整理】,https://www.youtube.com/watch?v=zc8HN_VvWfo,2025-05-20
281,px9kjD7obL0,比特幣暴漲！新手怎麼買比特幣？怎麼做多、做空？【邦妮區塊鏈】,https://www.youtube.com/watch?v=px9kjD7obL0,2025-05-21
282,VydodDz8aiU,傳奇黃金投資人：10年內比特幣100萬美元！我從來沒看過這種資產！Dan Tapiero【邦妮區塊鏈】,https://www.youtube.com/watch?v=VydodDz8aiU,2025-05-26
283,djrefjVsRXg,兆元的科技大佬對話！NVIDIA黃仁勳、鴻海劉揚偉、聯發科蔡力行【邦妮區塊鏈】,https://www.youtube.com/watch?v=djrefjVsRXg,2025-05-28
284,vv1ULtjdWO0,以太有救嗎？機構交易員的投資建議！機構跟散戶思維差超多？│Blue Maciarelli │紐約數位資產峰會DAS 2025【邦妮區塊鏈】feat.  ⁨@TheDavidLinReport⁩,https://www.youtube.com/watch?v=vv1ULtjdWO0,2025-06-01
285,awXMS0qeNWA,黃金VS.比特幣靈魂對決│ Peter Schiff │比特幣大會 Vegas 2025【邦妮區塊鏈】feat.  @peterschiff,https://www.youtube.com/watch?v=awXMS0qeNWA,2025-06-08
286,rPzBWD4suiU,你算有錢人嗎？全球條件變高了！但人數越來越多！他們怎麼變有錢的？【邦妮區塊鏈】,https://www.youtube.com/watch?v=rPzBWD4suiU,2025-06-13
287,x3blxCG8X6U,緊急！股市即將下跌！美國印鈔機救市！陳腐的金融設計│ Jack Mallers │比特幣大會 Vegas 2025【邦妮區塊鏈】feat.  ⁨@thejackmallersshow,https://www.youtube.com/watch?v=x3blxCG8X6U,2025-06-13
288,JLRVzNbQRYA,關鍵！你的加密貨幣可能不漲了！但這些資產可以買│Arthur Hayes│比特幣大會 Vegas 2025【邦妮區塊鏈】feat.  ⁨@TheDavidLinReport,https://www.youtube.com/watch?v=JLRVzNbQRYA,2025-06-16
289,SfmJkZg5I6Q,元老：以太坊可能會死！這世界就是草台班子！東方視角解讀幣圈局勢！【邦妮區塊鏈】,https://www.youtube.com/watch?v=SfmJkZg5I6Q,2025-06-19
290,Bpxqj7w1pRQ,億萬富翁雙胞胎：不要買房！用租的！【邦妮區塊鏈】feat. @GrantCardone @garycardone @TheDavidLinReport,https://www.youtube.com/watch?v=Bpxqj7w1pRQ,2025-06-23
291,0n6gREnvixo,19分鐘看完美元歷史！戰爭、黃金、石油、比特幣、穩定幣！下一步是...？【邦妮區塊鏈】,https://www.youtube.com/watch?v=0n6gREnvixo,2025-06-26
